{"cameraMode":{"drawMode":0,"name":"Shaded","section":"Shading Mode"},"sceneLighting":true,"audioPlay":false,"sceneViewState":{"m_AlwaysRefresh":false,"showFog":true,"showSkybox":true,"showFlares":true,"showImageEffects":true,"showParticleSystems":true,"showVisualEffectGraphs":true,"m_FxEnabled":true},"in2DMode":false,"pivot":{"x":143.4458770751953,"y":62.0936393737793,"z":145.4535675048828},"rotation":{"x":-0.07157918810844422,"y":-0.037716448307037356,"z":-0.0027436423115432264,"w":0.9967433214187622},"size":197.81417846679688,"orthographic":false}