{"cameraMode":{"drawMode":0,"name":"Shaded","section":"Shading Mode"},"sceneLighting":true,"audioPlay":false,"sceneViewState":{"m_AlwaysRefresh":false,"showFog":true,"showSkybox":true,"showFlares":true,"showImageEffects":true,"showParticleSystems":true,"showVisualEffectGraphs":true,"m_FxEnabled":true},"in2DMode":false,"pivot":{"x":138.2295379638672,"y":30.713584899902345,"z":70.01577758789063},"rotation":{"x":0.11241644620895386,"y":0.05213122069835663,"z":-0.005918519105762243,"w":0.9922968745231628},"size":100.94591522216797,"orthographic":false}