{"cameraMode":{"drawMode":0,"name":"Shaded","section":"Shading Mode"},"sceneLighting":true,"audioPlay":false,"sceneViewState":{"m_AlwaysRefresh":false,"showFog":true,"showSkybox":true,"showFlares":true,"showImageEffects":true,"showParticleSystems":true,"showVisualEffectGraphs":true,"m_FxEnabled":true},"in2DMode":false,"pivot":{"x":130.87831115722657,"y":-3.591564178466797,"z":315.2485656738281},"rotation":{"x":0.055774986743927,"y":0.014653095044195652,"z":-0.0008357518236152828,"w":0.9983611106872559},"size":70.09716033935547,"orthographic":false}