{"cameraMode":{"drawMode":0,"name":"Shaded","section":"Shading Mode"},"sceneLighting":true,"audioPlay":false,"sceneViewState":{"m_AlwaysRefresh":false,"showFog":true,"showSkybox":true,"showFlares":true,"showImageEffects":true,"showParticleSystems":true,"showVisualEffectGraphs":true,"m_FxEnabled":true},"in2DMode":false,"pivot":{"x":219.31422424316407,"y":314.2189636230469,"z":13.499004364013672},"rotation":{"x":-0.025798851624131204,"y":-0.023941440507769586,"z":0.0006259657675400376,"w":-0.9994133114814758},"size":302.8952941894531,"orthographic":false}