{"cameraMode":{"drawMode":0,"name":"Shaded","section":"Shading Mode"},"sceneLighting":true,"audioPlay":false,"sceneViewState":{"m_AlwaysRefresh":false,"showFog":true,"showSkybox":true,"showFlares":true,"showImageEffects":true,"showParticleSystems":true,"showVisualEffectGraphs":true,"m_FxEnabled":true},"in2DMode":false,"pivot":{"x":135.24029541015626,"y":1.917109727859497,"z":229.9962615966797},"rotation":{"x":-0.025798851624131204,"y":-0.023941440507769586,"z":0.0006259657675400376,"w":-0.9994133114814758},"size":147.78111267089845,"orthographic":false}