{"cameraMode":{"drawMode":0,"name":"Shaded","section":"Shading Mode"},"sceneLighting":true,"audioPlay":false,"sceneViewState":{"m_AlwaysRefresh":false,"showFog":true,"showSkybox":true,"showFlares":true,"showImageEffects":true,"showParticleSystems":true,"showVisualEffectGraphs":true,"m_FxEnabled":true},"in2DMode":false,"pivot":{"x":112.67691802978516,"y":-16.805076599121095,"z":29.40688705444336},"rotation":{"x":0.08070439100265503,"y":-0.8525367379188538,"z":0.49758055806159975,"w":0.13826662302017213},"size":127.1777572631836,"orthographic":false}